<?xml version="1.0" encoding="UTF-8"?>
<project-private xmlns="http://www.netbeans.org/ns/project-private/1">
    <data xmlns="http://www.netbeans.org/ns/profiler/1" version="0.9.1"/>
    <editor-bookmarks xmlns="http://www.netbeans.org/ns/editor-bookmarks/1">
        <file>
            <url>src/program/image/ImageProcessor.java</url>
            <line>132</line>
        </file>
        <file>
            <url>src/program/neuralnetwork/NeuralNetwork.java</url>
            <line>477</line>
        </file>
    </editor-bookmarks>
</project-private>
